{
  "baseline": "-55.064",
  "intrinsic_left.x.x": "0.677762",
  "intrinsic_left.x.y": "1.20329",
  "intrinsic_left.x.z": "0.496976",
  "intrinsic_left.y.x": "0.516427",
  "intrinsic_left.y.y": "0.149165",
  "intrinsic_left.y.z": "-0.359088",
  "intrinsic_left.z.x": "-0.00018992",
  "intrinsic_left.z.y": "-0.000301963",
  "intrinsic_left.z.z": "0.235435",
  "intrinsic_right.x.x": "0.679549",
  "intrinsic_right.x.y": "1.20636",
  "intrinsic_right.x.z": "0.494519",
  "intrinsic_right.y.x": "0.48813",
  "intrinsic_right.y.y": "0.156714",
  "intrinsic_right.y.z": "-0.387349",
  "intrinsic_right.z.x": "-2.65281e-06",
  "intrinsic_right.z.y": "0.000195814",
  "intrinsic_right.z.z": "0.259343",
  "rectified.0.fx": "1386.36",
  "rectified.0.fy": "1386.36",
  "rectified.0.height": "1080",
  "rectified.0.ppx": "958.303",
  "rectified.0.ppy": "542.33",
  "rectified.0.width": "1920",
  "rectified.1.fx": "924.24",
  "rectified.1.fy": "924.24",
  "rectified.1.height": "720",
  "rectified.1.ppx": "638.869",
  "rectified.1.ppy": "361.553",
  "rectified.1.width": "1280",
  "rectified.10.fx": "924.24",
  "rectified.10.fy": "924.24",
  "rectified.10.height": "0",
  "rectified.10.ppx": "358.869",
  "rectified.10.ppy": "361.553",
  "rectified.10.width": "0",
  "rectified.11.fx": "739.392",
  "rectified.11.fy": "739.392",
  "rectified.11.height": "0",
  "rectified.11.ppx": "287.095",
  "rectified.11.ppy": "289.243",
  "rectified.11.width": "0",
  "rectified.12.fx": "0",
  "rectified.12.fy": "0",
  "rectified.12.height": "400",
  "rectified.12.ppx": "0",
  "rectified.12.ppy": "0",
  "rectified.12.width": "640",
  "rectified.13.fx": "0",
  "rectified.13.fy": "0",
  "rectified.13.height": "576",
  "rectified.13.ppx": "0",
  "rectified.13.ppy": "0",
  "rectified.13.width": "576",
  "rectified.14.fx": "0",
  "rectified.14.fy": "0",
  "rectified.14.height": "720",
  "rectified.14.ppx": "0",
  "rectified.14.ppy": "0",
  "rectified.14.width": "720",
  "rectified.15.fx": "0",
  "rectified.15.fy": "0",
  "rectified.15.height": "1152",
  "rectified.15.ppx": "0",
  "rectified.15.ppy": "0",
  "rectified.15.width": "1152",
  "rectified.2.fx": "616.16",
  "rectified.2.fy": "616.16",
  "rectified.2.height": "480",
  "rectified.2.ppx": "319.246",
  "rectified.2.ppy": "241.036",
  "rectified.2.width": "640",
  "rectified.3.fx": "616.16",
  "rectified.3.fy": "616.16",
  "rectified.3.height": "480",
  "rectified.3.ppx": "423.246",
  "rectified.3.ppy": "241.036",
  "rectified.3.width": "848",
  "rectified.4.fx": "462.12",
  "rectified.4.fy": "462.12",
  "rectified.4.height": "360",
  "rectified.4.ppx": "319.434",
  "rectified.4.ppy": "180.777",
  "rectified.4.width": "640",
  "rectified.5.fx": "308.08",
  "rectified.5.fy": "308.08",
  "rectified.5.height": "240",
  "rectified.5.ppx": "211.623",
  "rectified.5.ppy": "120.518",
  "rectified.5.width": "424",
  "rectified.6.fx": "308.08",
  "rectified.6.fy": "308.08",
  "rectified.6.height": "240",
  "rectified.6.ppx": "159.623",
  "rectified.6.ppy": "120.518",
  "rectified.6.width": "320",
  "rectified.7.fx": "346.59",
  "rectified.7.fy": "346.59",
  "rectified.7.height": "270",
  "rectified.7.ppx": "239.576",
  "rectified.7.ppy": "135.583",
  "rectified.7.width": "480",
  "rectified.8.fx": "1026.93",
  "rectified.8.fy": "1026.93",
  "rectified.8.height": "800",
  "rectified.8.ppx": "638.743",
  "rectified.8.ppy": "401.726",
  "rectified.8.width": "1280",
  "rectified.9.fx": "693.18",
  "rectified.9.fy": "693.18",
  "rectified.9.height": "540",
  "rectified.9.ppx": "479.152",
  "rectified.9.ppy": "271.165",
  "rectified.9.width": "960",
  "world2left_rot.x.x": "0.99996",
  "world2left_rot.x.y": "-0.00214141",
  "world2left_rot.x.z": "0.00863471",
  "world2left_rot.y.x": "0.00210517",
  "world2left_rot.y.y": "0.999989",
  "world2left_rot.y.z": "0.00420459",
  "world2left_rot.z.x": "-0.00864362",
  "world2left_rot.z.y": "-0.00418624",
  "world2left_rot.z.z": "0.999954",
  "world2right_rot.x.x": "0.999998",
  "world2right_rot.x.y": "0.000170717",
  "world2right_rot.x.z": "-0.0021098",
  "world2right_rot.y.x": "-0.000179567",
  "world2right_rot.y.y": "0.999991",
  "world2right_rot.y.z": "-0.00419527",
  "world2right_rot.z.x": "0.00210907",
  "world2right_rot.z.y": "0.00419564",
  "world2right_rot.z.z": "0.999989"
}